venue,paper_openreview_id,author_openreview_id
ICLR.cc/2025/Conference,00ezkB2iZf,~Carey_Priebe1
ICLR.cc/2025/Conference,00ezkB2iZf,~Eric_Horvitz1
ICLR.cc/2025/Conference,00ezkB2iZf,~Hayden_Helm1
ICLR.cc/2025/Conference,00ezkB2iZf,~Junaid_Bajwa1
ICLR.cc/2025/Conference,00ezkB2iZf,~Katie_Matton1
ICLR.cc/2025/Conference,00ezkB2iZf,~Robert_Ness1
ICLR.cc/2025/Conference,00ezkB2iZf,~Sheng_Zhang9
ICLR.cc/2025/Conference,00SnKBGTsz,~Elias_Stengel-Eskin1
ICLR.cc/2025/Conference,00SnKBGTsz,~Jaemin_Cho1
ICLR.cc/2025/Conference,00SnKBGTsz,~Mohit_Bansal2
