venue,revision_openreview_id,review_openreview_id
ICLR.cc/2025/Conference,UMYtslJUhV,SZ85pEbK64
ICLR.cc/2025/Conference,U6AVndkUMf,zQrBkSY0sO
ICLR.cc/2025/Conference,U6AVndkUMf,6sxcy7OJ9L
ICLR.cc/2025/Conference,U6AVndkUMf,PEyl1yca7s
ICLR.cc/2025/Conference,P6MvxEzOug,dOioPz8eH0
ICLR.cc/2025/Conference,P6MvxEzOug,jaeU1QDRM7
ICLR.cc/2025/Conference,P6MvxEzOug,FFCW58rBhI
ICLR.cc/2025/Conference,P6MvxEzOug,140MAq0x0f
ICLR.cc/2025/Conference,P6MvxEzOug,10AQwpD2Lz
ICLR.cc/2025/Conference,P6MvxEzOug,wxmKRu3X5t
