venue,paper_openreview_id,review_openreview_id,title,time
ICLR.cc/2025/Conference,zzR1Uskhj0,Is5Qh2Gs5x,Official Review by Reviewer_8LjP,2024-11-04 01:05:41
ICLR.cc/2025/Conference,zzR1Uskhj0,Hsumvt7DeH,Official Review by Reviewer_Sstz,2024-11-07 22:01:20
ICLR.cc/2025/Conference,zzR1Uskhj0,smWIsNwjkv,Official Review by Reviewer_uDyZ,2024-11-08 08:31:50
ICLR.cc/2025/Conference,zzR1Uskhj0,UfYuXDF8OO,Official Review by Reviewer_NZtQ,2024-11-08 09:01:46
ICLR.cc/2025/Conference,zzR1Uskhj0,NLrlOlSugS,Official Review by Reviewer_NaxM,2024-11-12 13:14:27
ICLR.cc/2025/Conference,zzR1Uskhj0,WQLpTsquBi,Response by Authors,2024-11-19 15:11:20
ICLR.cc/2025/Conference,zzR1Uskhj0,2LhrQBBkiK,Response by Authors,2024-11-20 04:39:57
ICLR.cc/2025/Conference,zzR1Uskhj0,wR6AlCqdjL,Response by Authors,2024-11-20 06:04:06
ICLR.cc/2025/Conference,zzR1Uskhj0,6LIz7vD6vJ,Response by Authors,2024-11-20 08:01:55
ICLR.cc/2025/Conference,zzR1Uskhj0,p1r3CeMT7X,Response by Authors,2024-11-20 11:31:23
